{
  "description": "Single layer replacement results from smart_beam_search",
  "source_file": "smart_beam_search_results_20250924_013654.json",
  "total_layers": 32,
  "results": {
    "0": {
      "layer": 0,
      "score": 0.31684210526315787,
      "time": 205.661395072937
    },
    "1": {
      "layer": 1,
      "score": 0.2596491228070175,
      "time": 195.0843575000763
    },
    "2": {
      "layer": 2,
      "score": 0.24280701754385964,
      "time": 182.90124893188477
    },
    "3": {
      "layer": 3,
      "score": 0.2687719298245614,
      "time": 180.72483086585999
    },
    "4": {
      "layer": 4,
      "score": 0.29368421052631577,
      "time": 201.85426831245422
    },
    "5": {
      "layer": 5,
      "score": 0.2964912280701754,
      "time": 197.3697488307953
    },
    "6": {
      "layer": 6,
      "score": 0.34350877192982454,
      "time": 327.65860509872437
    },
    "7": {
      "layer": 7,
      "score": 0.3319298245614035,
      "time": 756.1868379116058
    },
    "8": {
      "layer": 8,
      "score": 0.32210526315789473,
      "time": 224.04932928085327
    },
    "9": {
      "layer": 9,
      "score": 0.33473684210526317,
      "time": 187.88908791542053
    },
    "10": {
      "layer": 10,
      "score": 0.32842105263157895,
      "time": 309.93075466156006
    },
    "11": {
      "layer": 11,
      "score": 0.33263157894736844,
      "time": 183.11711359024048
    },
    "12": {
      "layer": 12,
      "score": 0.35929824561403506,
      "time": 248.86733317375183
    },
    "13": {
      "layer": 13,
      "score": 0.3933333333333333,
      "time": 222.08267545700073
    },
    "14": {
      "layer": 14,
      "score": 0.4147368421052632,
      "time": 205.9714686870575
    },
    "15": {
      "layer": 15,
      "score": 0.2912280701754386,
      "time": 179.30842328071594
    },
    "16": {
      "layer": 16,
      "score": 0.31298245614035086,
      "time": 181.90827655792236
    },
    "17": {
      "layer": 17,
      "score": 0.5143859649122807,
      "time": 195.7724368572235
    },
    "18": {
      "layer": 18,
      "score": 0.3824561403508772,
      "time": 184.35361051559448
    },
    "19": {
      "layer": 19,
      "score": 0.27263157894736845,
      "time": 289.22244477272034
    },
    "20": {
      "layer": 20,
      "score": 0.33964912280701753,
      "time": 194.92838144302368
    },
    "21": {
      "layer": 21,
      "score": 0.323859649122807,
      "time": 182.13142251968384
    },
    "22": {
      "layer": 22,
      "score": 0.34771929824561404,
      "time": 411.02556014060974
    },
    "23": {
      "layer": 23,
      "score": 0.3701754385964912,
      "time": 177.89446187019348
    },
    "24": {
      "layer": 24,
      "score": 0.3385964912280702,
      "time": 282.8287613391876
    },
    "25": {
      "layer": 25,
      "score": 0.3280701754385965,
      "time": 183.10877108573914
    },
    "26": {
      "layer": 26,
      "score": 0.3126315789473684,
      "time": 179.8664894104004
    },
    "27": {
      "layer": 27,
      "score": 0.3119298245614035,
      "time": 294.4303126335144
    },
    "28": {
      "layer": 28,
      "score": 0.3431578947368421,
      "time": 179.99980473518372
    },
    "29": {
      "layer": 29,
      "score": 0.34350877192982454,
      "time": 189.7852656841278
    },
    "30": {
      "layer": 30,
      "score": 0.3217543859649123,
      "time": 176.02319264411926
    },
    "31": {
      "layer": 31,
      "score": 0.3175438596491228,
      "time": 176.40253162384033
    }
  }
}